Datetime,Mob dist,Thresh,Anomaly
2004-02-12 11:02:39,1.895280372378981,4.850646931369302,False
2004-02-12 11:12:39,2.041395091638216,4.850646931369302,False
2004-02-12 11:22:39,2.6735779329768854,4.850646931369302,False
2004-02-12 11:32:39,1.4740726674806974,4.850646931369302,False
2004-02-12 11:42:39,1.6508800418119816,4.850646931369302,False
2004-02-12 11:52:39,2.6519916691551115,4.850646931369302,False
2004-02-12 12:02:39,3.5358241517351767,4.850646931369302,False
2004-02-12 12:12:39,2.0282315081348012,4.850646931369302,False
2004-02-12 12:22:39,1.3523728974230527,4.850646931369302,False
2004-02-12 12:32:39,1.5820222111968527,4.850646931369302,False
2004-02-12 12:42:39,2.2306382684052783,4.850646931369302,False
2004-02-12 12:52:39,1.9021660784232806,4.850646931369302,False
2004-02-12 13:02:39,1.0908404603232118,4.850646931369302,False
2004-02-12 13:12:39,1.983489732390978,4.850646931369302,False
2004-02-12 13:22:39,2.0609372660053054,4.850646931369302,False
2004-02-12 13:32:39,1.1077372742754683,4.850646931369302,False
2004-02-12 13:42:39,1.948949280476545,4.850646931369302,False
2004-02-12 13:52:39,1.8003712608749824,4.850646931369302,False
2004-02-12 14:02:39,2.5327732767811875,4.850646931369302,False
2004-02-12 14:12:39,3.117312924203509,4.850646931369302,False
2004-02-12 14:22:39,2.454684919746547,4.850646931369302,False
2004-02-12 14:32:39,2.4669687294490537,4.850646931369302,False
2004-02-12 14:42:39,1.4579198702809335,4.850646931369302,False
2004-02-12 14:52:39,0.9890848905416357,4.850646931369302,False
2004-02-12 15:02:39,1.2717865857072048,4.850646931369302,False
2004-02-12 15:12:39,2.044841568699724,4.850646931369302,False
2004-02-12 15:22:39,1.5701231730113363,4.850646931369302,False
2004-02-12 15:32:39,2.286769634528044,4.850646931369302,False
2004-02-12 15:42:39,3.009905189063306,4.850646931369302,False
2004-02-12 15:52:39,0.5431086444247071,4.850646931369302,False
2004-02-12 16:02:39,1.8373947966456337,4.850646931369302,False
2004-02-12 16:12:39,2.482580040346327,4.850646931369302,False
2004-02-12 16:22:39,0.9862389299669447,4.850646931369302,False
2004-02-12 16:32:39,1.9043902442683793,4.850646931369302,False
2004-02-12 16:42:39,2.308121010722566,4.850646931369302,False
2004-02-12 16:52:39,1.4125017921580107,4.850646931369302,False
2004-02-12 17:02:39,2.2015387340718116,4.850646931369302,False
2004-02-12 17:12:39,1.9174593485001392,4.850646931369302,False
2004-02-12 17:22:39,1.2953146827796647,4.850646931369302,False
2004-02-12 17:32:39,0.991545723036244,4.850646931369302,False
2004-02-12 17:42:39,1.4995461384048236,4.850646931369302,False
2004-02-12 17:52:39,1.442340594858227,4.850646931369302,False
2004-02-12 18:02:39,1.5791692112437463,4.850646931369302,False
2004-02-12 18:12:39,1.8044628979255013,4.850646931369302,False
2004-02-12 18:22:39,1.5938790512150007,4.850646931369302,False
2004-02-12 18:32:39,1.4860756556540435,4.850646931369302,False
2004-02-12 18:42:39,0.8456837409043166,4.850646931369302,False
2004-02-12 18:52:39,1.3497837835111786,4.850646931369302,False
2004-02-12 19:02:39,1.446730600521713,4.850646931369302,False
2004-02-12 19:12:39,2.0547900719747636,4.850646931369302,False
2004-02-12 19:22:39,2.7871882417760205,4.850646931369302,False
2004-02-12 19:32:39,1.2961823216814745,4.850646931369302,False
2004-02-12 19:42:39,1.4719965976234408,4.850646931369302,False
2004-02-12 19:52:39,0.474257663898608,4.850646931369302,False
2004-02-12 20:02:39,1.8859630615379572,4.850646931369302,False
2004-02-12 20:12:39,2.25642885440276,4.850646931369302,False
2004-02-12 20:22:39,2.2109273949590693,4.850646931369302,False
2004-02-12 20:32:39,1.466102536258118,4.850646931369302,False
2004-02-12 20:42:39,1.8036242000624616,4.850646931369302,False
2004-02-12 20:52:39,2.1458756959003975,4.850646931369302,False
2004-02-12 21:02:39,1.0243408449653149,4.850646931369302,False
2004-02-12 21:12:39,0.6076002295347511,4.850646931369302,False
2004-02-12 21:22:39,0.8856771958007184,4.850646931369302,False
2004-02-12 21:32:39,1.3491962738341512,4.850646931369302,False
2004-02-12 21:42:39,1.0945972940135362,4.850646931369302,False
2004-02-12 21:52:39,1.6872146265244288,4.850646931369302,False
2004-02-12 22:02:39,0.9674781604774914,4.850646931369302,False
2004-02-12 22:12:39,1.8815191826738717,4.850646931369302,False
2004-02-12 22:22:39,2.0397903166083635,4.850646931369302,False
2004-02-12 22:32:39,1.8712983997255543,4.850646931369302,False
2004-02-12 22:42:39,1.7337722760957504,4.850646931369302,False
2004-02-12 22:52:39,1.9026662156627556,4.850646931369302,False
2004-02-12 23:02:39,1.3198741432154024,4.850646931369302,False
2004-02-12 23:12:39,1.4765632040597032,4.850646931369302,False
2004-02-12 23:22:39,1.1344595870640872,4.850646931369302,False
2004-02-12 23:32:39,1.679736852009497,4.850646931369302,False
2004-02-12 23:42:39,1.9699511092307143,4.850646931369302,False
2004-02-12 23:52:39,1.8270711560587312,4.850646931369302,False
2004-02-13 00:02:39,2.463154995607755,4.850646931369302,False
2004-02-13 00:12:39,0.3288818817321481,4.850646931369302,False
2004-02-13 00:22:39,1.7037642302631515,4.850646931369302,False
2004-02-13 00:32:39,0.9743977505426377,4.850646931369302,False
2004-02-13 00:42:39,1.231907647057397,4.850646931369302,False
2004-02-13 00:52:39,1.4064906044046055,4.850646931369302,False
2004-02-13 01:02:39,2.569814007674166,4.850646931369302,False
2004-02-13 01:12:39,1.7706423491692007,4.850646931369302,False
2004-02-13 01:22:39,1.3712664204604228,4.850646931369302,False
2004-02-13 01:32:39,2.078879760298035,4.850646931369302,False
2004-02-13 01:42:39,1.50439081050353,4.850646931369302,False
2004-02-13 01:52:39,1.8189006339398095,4.850646931369302,False
2004-02-13 02:02:39,1.8958682528330153,4.850646931369302,False
2004-02-13 02:12:39,1.0522318276557916,4.850646931369302,False
2004-02-13 02:22:39,0.38621590668152184,4.850646931369302,False
2004-02-13 02:32:39,1.0050449931568055,4.850646931369302,False
2004-02-13 02:42:39,1.4027591260252723,4.850646931369302,False
2004-02-13 02:52:39,2.0100969869152183,4.850646931369302,False
2004-02-13 03:02:39,1.613881589340591,4.850646931369302,False
2004-02-13 03:12:39,0.6370292133737205,4.850646931369302,False
2004-02-13 03:22:39,1.189112087578975,4.850646931369302,False
2004-02-13 03:32:39,1.0757213210910548,4.850646931369302,False
2004-02-13 03:42:39,1.2745279876475595,4.850646931369302,False
2004-02-13 03:52:39,0.8796003906602082,4.850646931369302,False
2004-02-13 04:02:39,1.3001297094359296,4.850646931369302,False
2004-02-13 04:12:39,0.6524024900577841,4.850646931369302,False
2004-02-13 04:22:39,1.7310158730180565,4.850646931369302,False
2004-02-13 04:32:39,1.196546455026306,4.850646931369302,False
2004-02-13 04:42:39,1.5858303911420075,4.850646931369302,False
2004-02-13 04:52:39,1.086607017209065,4.850646931369302,False
2004-02-13 05:02:39,1.358852023738603,4.850646931369302,False
2004-02-13 05:12:39,2.1478184766720063,4.850646931369302,False
2004-02-13 05:22:39,1.32733153105168,4.850646931369302,False
2004-02-13 05:32:39,0.8580213540654449,4.850646931369302,False
2004-02-13 05:42:39,1.7096704223057597,4.850646931369302,False
2004-02-13 05:52:39,1.7542038752385147,4.850646931369302,False
2004-02-13 06:02:39,0.9882070861140327,4.850646931369302,False
2004-02-13 06:12:39,1.8427607204077132,4.850646931369302,False
2004-02-13 06:22:39,0.46180186842854914,4.850646931369302,False
2004-02-13 06:32:39,1.181631924265669,4.850646931369302,False
2004-02-13 06:42:39,1.8713826558644464,4.850646931369302,False
2004-02-13 06:52:39,0.7529744843432952,4.850646931369302,False
2004-02-13 07:02:39,1.9411899416744576,4.850646931369302,False
2004-02-13 07:12:39,1.5995701410944632,4.850646931369302,False
2004-02-13 07:22:39,0.5112430047843957,4.850646931369302,False
2004-02-13 07:32:39,1.885638701436713,4.850646931369302,False
2004-02-13 07:42:39,1.0581490601866737,4.850646931369302,False
2004-02-13 07:52:39,1.0215505370091464,4.850646931369302,False
2004-02-13 08:02:39,1.9431831358258642,4.850646931369302,False
2004-02-13 08:12:39,1.76659369875035,4.850646931369302,False
2004-02-13 08:22:39,2.00313194806406,4.850646931369302,False
2004-02-13 08:32:39,1.1914014777645914,4.850646931369302,False
2004-02-13 08:42:39,2.0447048170740802,4.850646931369302,False
2004-02-13 08:52:39,0.4509470331902274,4.850646931369302,False
2004-02-13 09:02:39,1.608940051156166,4.850646931369302,False
2004-02-13 09:12:39,1.0939959238941854,4.850646931369302,False
2004-02-13 09:22:39,1.144921481028865,4.850646931369302,False
2004-02-13 09:32:39,1.4638120373885288,4.850646931369302,False
2004-02-13 09:42:39,2.3070023452397583,4.850646931369302,False
2004-02-13 09:52:39,1.0665727619785583,4.850646931369302,False
2004-02-13 10:02:39,0.14594619522705107,4.850646931369302,False
2004-02-13 10:12:39,1.0154299727569562,4.850646931369302,False
2004-02-13 10:22:39,1.2353329112685096,4.850646931369302,False
2004-02-13 10:32:39,1.529653618262023,4.850646931369302,False
2004-02-13 10:42:39,3.0199019312690702,4.850646931369302,False
2004-02-13 10:52:39,1.1096743070720876,4.850646931369302,False
2004-02-13 11:02:39,2.852034936613139,4.850646931369302,False
2004-02-13 11:12:39,1.4090118230916444,4.850646931369302,False
2004-02-13 11:22:39,0.9828722306290021,4.850646931369302,False
2004-02-13 11:32:39,2.1925125357512636,4.850646931369302,False
2004-02-13 11:42:39,1.5066474016925124,4.850646931369302,False
2004-02-13 11:52:39,0.6390647234951965,4.850646931369302,False
2004-02-13 12:02:39,2.049031345942661,4.850646931369302,False
2004-02-13 12:12:39,0.7587884329632129,4.850646931369302,False
2004-02-13 12:22:39,2.019509242119205,4.850646931369302,False
2004-02-13 12:32:39,1.5835048555221767,4.850646931369302,False
2004-02-13 12:42:39,2.3241939123198168,4.850646931369302,False
2004-02-13 12:52:39,1.4585627403194545,4.850646931369302,False
2004-02-13 13:02:39,0.6829754224967108,4.850646931369302,False
2004-02-13 13:12:39,1.54279676456576,4.850646931369302,False
2004-02-13 13:22:39,1.3443967965529464,4.850646931369302,False
2004-02-13 13:32:39,1.7898659559933734,4.850646931369302,False
2004-02-13 13:42:39,0.95206306318946,4.850646931369302,False
2004-02-13 13:52:39,1.8410003362408494,4.850646931369302,False
2004-02-13 14:02:39,2.2726866950677884,4.850646931369302,False
2004-02-13 14:12:39,0.4495222190077317,4.850646931369302,False
2004-02-13 14:22:39,0.3111020545589132,4.850646931369302,False
2004-02-13 14:32:39,1.0675282345453379,4.850646931369302,False
2004-02-13 14:42:39,2.0835502438885354,4.850646931369302,False
2004-02-13 14:52:39,2.089513816136938,4.850646931369302,False
2004-02-13 15:02:39,1.8599209449647287,4.850646931369302,False
2004-02-13 15:12:39,1.5734256396573565,4.850646931369302,False
2004-02-13 15:22:39,1.948793991197728,4.850646931369302,False
2004-02-13 15:32:39,1.793932608952168,4.850646931369302,False
2004-02-13 15:42:39,1.4919304649107266,4.850646931369302,False
2004-02-13 15:52:39,1.5952137903700183,4.850646931369302,False
2004-02-13 16:02:39,1.6206668805014117,4.850646931369302,False
2004-02-13 16:12:39,2.2296020949381985,4.850646931369302,False
2004-02-13 16:22:39,2.273494231891186,4.850646931369302,False
2004-02-13 16:32:39,1.5395200761604977,4.850646931369302,False
2004-02-13 16:42:39,0.8921951003045526,4.850646931369302,False
2004-02-13 16:52:39,2.2816798718414373,4.850646931369302,False
2004-02-13 17:02:39,1.2061738761116036,4.850646931369302,False
2004-02-13 17:12:39,1.3876993948085947,4.850646931369302,False
2004-02-13 17:22:39,1.201158183648842,4.850646931369302,False
2004-02-13 17:32:39,1.3306803097810864,4.850646931369302,False
2004-02-13 17:42:39,3.2492081740655623,4.850646931369302,False
2004-02-13 17:52:39,2.1609170273155347,4.850646931369302,False
2004-02-13 18:02:39,1.4306260565857563,4.850646931369302,False
2004-02-13 18:12:39,2.284690911612796,4.850646931369302,False
2004-02-13 18:22:39,1.5953009927110002,4.850646931369302,False
2004-02-13 18:32:39,2.350316687137732,4.850646931369302,False
2004-02-13 18:42:39,2.218981892684083,4.850646931369302,False
2004-02-13 18:52:39,1.070831838337065,4.850646931369302,False
2004-02-13 19:02:39,1.5199811173881916,4.850646931369302,False
2004-02-13 19:12:39,2.1209819265085867,4.850646931369302,False
2004-02-13 19:22:39,2.8448876108589127,4.850646931369302,False
2004-02-13 19:32:39,0.8345593466227516,4.850646931369302,False
2004-02-13 19:42:39,1.4270524800408728,4.850646931369302,False
2004-02-13 19:52:39,1.7844856312389195,4.850646931369302,False
2004-02-13 20:02:39,1.307937847140722,4.850646931369302,False
2004-02-13 20:12:39,1.291692712174885,4.850646931369302,False
2004-02-13 20:22:39,0.9430588905236335,4.850646931369302,False
2004-02-13 20:32:39,1.6235764964884052,4.850646931369302,False
2004-02-13 20:42:39,1.704773437780102,4.850646931369302,False
2004-02-13 20:52:39,1.560232885503916,4.850646931369302,False
2004-02-13 21:02:39,1.7981885374071158,4.850646931369302,False
2004-02-13 21:12:39,2.405755446682457,4.850646931369302,False
2004-02-13 21:22:39,3.3104865204328258,4.850646931369302,False
2004-02-13 21:32:39,2.310940209311826,4.850646931369302,False
2004-02-13 21:42:39,1.8992709414228552,4.850646931369302,False
2004-02-13 21:52:39,0.18833208920821531,4.850646931369302,False
2004-02-13 22:02:39,2.429273206574641,4.850646931369302,False
2004-02-13 22:12:39,1.65282422501054,4.850646931369302,False
2004-02-13 22:22:39,1.713570654009234,4.850646931369302,False
2004-02-13 22:32:39,2.265168518594539,4.850646931369302,False
2004-02-13 22:42:39,0.676981918330763,4.850646931369302,False
2004-02-13 22:52:39,2.1263603656900707,4.850646931369302,False
2004-02-13 23:02:39,1.80473276357192,4.850646931369302,False
2004-02-13 23:12:39,2.4741545380796413,4.850646931369302,False
2004-02-13 23:22:39,1.468811048880482,4.850646931369302,False
2004-02-13 23:32:39,1.603183641768654,4.850646931369302,False
2004-02-13 23:42:39,2.060925661480352,4.850646931369302,False
2004-02-13 23:52:39,1.9487810071066782,4.850646931369302,False
2004-02-13 23:52:39,1.9487810071066773,4.850646931369302,False
2004-02-14 00:02:39,1.3294699734487627,4.850646931369302,False
2004-02-14 00:12:39,1.5258493970860343,4.850646931369302,False
2004-02-14 00:22:39,1.8497803267905208,4.850646931369302,False
2004-02-14 00:32:39,2.078812699833946,4.850646931369302,False
2004-02-14 00:42:39,1.137043477456849,4.850646931369302,False
2004-02-14 00:52:39,2.8848158239882746,4.850646931369302,False
2004-02-14 01:02:39,2.194536660799955,4.850646931369302,False
2004-02-14 01:12:39,2.624590257956956,4.850646931369302,False
2004-02-14 01:22:39,2.75751792291362,4.850646931369302,False
2004-02-14 01:32:39,2.0465437750163473,4.850646931369302,False
2004-02-14 01:42:39,2.735590713177239,4.850646931369302,False
2004-02-14 01:52:39,1.9351313199828502,4.850646931369302,False
2004-02-14 02:02:39,2.1071930473814144,4.850646931369302,False
2004-02-14 02:12:39,1.9007461531252379,4.850646931369302,False
2004-02-14 02:22:39,1.652134070217093,4.850646931369302,False
2004-02-14 02:32:39,2.4027522427609993,4.850646931369302,False
2004-02-14 02:42:39,1.6420646815684863,4.850646931369302,False
2004-02-14 02:52:39,1.755892106749483,4.850646931369302,False
2004-02-14 03:02:39,2.5165956562886964,4.850646931369302,False
2004-02-14 03:12:39,1.518937357261866,4.850646931369302,False
2004-02-14 03:22:39,0.7864528975742424,4.850646931369302,False
2004-02-14 03:32:39,2.1472796055896572,4.850646931369302,False
2004-02-14 03:42:39,2.4505509168462924,4.850646931369302,False
2004-02-14 03:52:39,1.7406994010537145,4.850646931369302,False
2004-02-14 04:02:39,1.8324892662451528,4.850646931369302,False
2004-02-14 04:12:39,2.1480789499956936,4.850646931369302,False
2004-02-14 04:22:39,2.0883032924127094,4.850646931369302,False
2004-02-14 04:32:39,2.0415504953652768,4.850646931369302,False
2004-02-14 04:42:39,1.4338880083966445,4.850646931369302,False
2004-02-14 04:52:39,1.170945967635543,4.850646931369302,False
2004-02-14 05:02:39,1.4297097706544353,4.850646931369302,False
2004-02-14 05:12:39,1.4544033766665168,4.850646931369302,False
2004-02-14 05:22:39,2.152636445221999,4.850646931369302,False
2004-02-14 05:32:39,2.2980266072719884,4.850646931369302,False
2004-02-14 05:42:39,1.407857220463698,4.850646931369302,False
2004-02-14 05:52:39,1.7123854847739828,4.850646931369302,False
2004-02-14 06:02:39,1.8166050858155796,4.850646931369302,False
2004-02-14 06:12:39,1.845899179397309,4.850646931369302,False
2004-02-14 06:22:39,2.149197155107013,4.850646931369302,False
2004-02-14 06:32:39,1.437379704706995,4.850646931369302,False
2004-02-14 06:42:39,2.483810883506064,4.850646931369302,False
2004-02-14 06:52:39,2.6703910139234432,4.850646931369302,False
2004-02-14 07:02:39,1.737541654655005,4.850646931369302,False
2004-02-14 07:12:39,1.4872246186074596,4.850646931369302,False
2004-02-14 07:22:39,1.2641002849292882,4.850646931369302,False
2004-02-14 07:32:39,2.088151691703033,4.850646931369302,False
2004-02-14 07:42:39,2.3798183740010646,4.850646931369302,False
2004-02-14 07:52:39,3.3258143117799395,4.850646931369302,False
2004-02-14 08:02:39,1.5937844644696877,4.850646931369302,False
2004-02-14 08:12:39,1.5262515801142018,4.850646931369302,False
2004-02-14 08:22:39,2.3694500215970593,4.850646931369302,False
2004-02-14 08:32:39,2.6901091652094054,4.850646931369302,False
2004-02-14 08:42:39,2.4755454498884832,4.850646931369302,False
2004-02-14 08:52:39,3.179518358391625,4.850646931369302,False
2004-02-14 09:02:39,3.0588233558861275,4.850646931369302,False
2004-02-14 09:12:39,2.3530753447098673,4.850646931369302,False
2004-02-14 09:22:39,1.858434899400477,4.850646931369302,False
2004-02-14 09:32:39,2.875832487329735,4.850646931369302,False
2004-02-14 09:42:39,2.007720503259393,4.850646931369302,False
2004-02-14 09:52:39,2.5385179782388914,4.850646931369302,False
2004-02-14 10:02:39,2.573746665309364,4.850646931369302,False
2004-02-14 10:12:39,1.457627843359965,4.850646931369302,False
2004-02-14 10:22:39,2.3114669090933644,4.850646931369302,False
2004-02-14 10:32:39,1.06024552782088,4.850646931369302,False
2004-02-14 10:42:39,2.48418112541962,4.850646931369302,False
2004-02-14 10:52:39,2.2202478010226816,4.850646931369302,False
2004-02-14 11:02:39,1.1759314805663321,4.850646931369302,False
2004-02-14 11:12:39,1.6104360746736943,4.850646931369302,False
2004-02-14 11:22:39,1.868345176200521,4.850646931369302,False
2004-02-14 11:32:39,2.2415444575230454,4.850646931369302,False
2004-02-14 11:42:39,1.7620805008561895,4.850646931369302,False
2004-02-14 11:52:39,2.551324758145505,4.850646931369302,False
2004-02-14 12:02:39,1.1093853206901603,4.850646931369302,False
2004-02-14 12:12:39,1.9483073260944763,4.850646931369302,False
2004-02-14 12:22:39,2.038397915607757,4.850646931369302,False
2004-02-14 12:32:39,2.889069453628623,4.850646931369302,False
2004-02-14 12:42:39,1.710379106260737,4.850646931369302,False
2004-02-14 12:52:39,2.3738089193851852,4.850646931369302,False
2004-02-14 13:02:39,1.6688667438438327,4.850646931369302,False
2004-02-14 13:12:39,2.903662053457047,4.850646931369302,False
2004-02-14 13:22:39,3.1582533194599756,4.850646931369302,False
2004-02-14 13:32:39,3.0940664914977574,4.850646931369302,False
2004-02-14 13:42:39,1.789253248195889,4.850646931369302,False
2004-02-14 13:52:39,2.348268371225576,4.850646931369302,False
2004-02-14 14:02:39,3.6994927822938894,4.850646931369302,False
2004-02-14 14:12:39,1.202137442946733,4.850646931369302,False
2004-02-14 14:22:39,2.079361006542314,4.850646931369302,False
2004-02-14 14:32:39,4.360744671906187,4.850646931369302,False
2004-02-14 14:42:39,3.2861995436427853,4.850646931369302,False
2004-02-14 14:52:39,2.3374106262620526,4.850646931369302,False
2004-02-14 15:02:39,2.839382853067057,4.850646931369302,False
2004-02-14 15:12:39,3.2670043710884977,4.850646931369302,False
2004-02-14 15:22:39,1.9814993220023471,4.850646931369302,False
2004-02-14 15:32:39,2.0489027589856437,4.850646931369302,False
2004-02-14 15:42:39,2.8426177770926793,4.850646931369302,False
2004-02-14 15:52:39,2.335842061347679,4.850646931369302,False
2004-02-14 16:02:39,2.9081660408680237,4.850646931369302,False
2004-02-14 16:12:39,2.354713122094272,4.850646931369302,False
2004-02-14 16:22:39,2.821464574942308,4.850646931369302,False
2004-02-14 16:32:39,2.1944773171519336,4.850646931369302,False
2004-02-14 16:42:39,1.651540802376321,4.850646931369302,False
2004-02-14 16:52:39,2.9138939038088205,4.850646931369302,False
2004-02-14 17:02:39,1.6060184756139648,4.850646931369302,False
2004-02-14 17:12:39,1.770786557997151,4.850646931369302,False
2004-02-14 17:22:39,2.9058873915138386,4.850646931369302,False
2004-02-14 17:32:39,2.568669871537911,4.850646931369302,False
2004-02-14 17:42:39,1.5470542702534513,4.850646931369302,False
2004-02-14 17:52:39,3.1051807419617767,4.850646931369302,False
2004-02-14 18:02:39,2.8812492683560285,4.850646931369302,False
2004-02-14 18:12:39,2.5558424165772466,4.850646931369302,False
2004-02-14 18:22:39,2.8394271022715287,4.850646931369302,False
2004-02-14 18:32:39,2.538372979827895,4.850646931369302,False
2004-02-14 18:42:39,2.830041596236676,4.850646931369302,False
2004-02-14 18:52:39,2.223926052341516,4.850646931369302,False
2004-02-14 19:02:39,2.952317547685648,4.850646931369302,False
2004-02-14 19:12:39,2.8231253357678243,4.850646931369302,False
2004-02-14 19:22:39,3.045286514725805,4.850646931369302,False
2004-02-14 19:32:39,2.332822536946612,4.850646931369302,False
2004-02-14 19:42:39,1.6627073683276545,4.850646931369302,False
2004-02-14 19:52:39,2.894430741218106,4.850646931369302,False
2004-02-14 20:02:39,2.1070558585834904,4.850646931369302,False
2004-02-14 20:12:39,1.2118501537797712,4.850646931369302,False
2004-02-14 20:22:39,3.0044223162269503,4.850646931369302,False
2004-02-14 20:32:39,3.108213678546633,4.850646931369302,False
2004-02-14 20:42:39,3.5434681389259506,4.850646931369302,False
2004-02-14 20:52:39,3.569439082663706,4.850646931369302,False
2004-02-14 21:02:39,1.9899961248832065,4.850646931369302,False
2004-02-14 21:12:39,1.1538616029568909,4.850646931369302,False
2004-02-14 21:22:39,2.4009580518625113,4.850646931369302,False
2004-02-14 21:32:39,2.6055654778483133,4.850646931369302,False
2004-02-14 21:42:39,3.2316481323383415,4.850646931369302,False
2004-02-14 21:52:39,2.4654265870842758,4.850646931369302,False
2004-02-14 22:02:39,2.597744198861303,4.850646931369302,False
2004-02-14 22:12:39,1.8092188232632036,4.850646931369302,False
2004-02-14 22:22:39,2.6003183233655633,4.850646931369302,False
2004-02-14 22:32:39,2.096643023545986,4.850646931369302,False
2004-02-14 22:42:39,3.5376291266097826,4.850646931369302,False
2004-02-14 22:52:39,2.545254853931622,4.850646931369302,False
2004-02-14 23:02:39,2.485097709064507,4.850646931369302,False
2004-02-14 23:12:39,1.772987776042741,4.850646931369302,False
2004-02-14 23:22:39,1.4162051634821524,4.850646931369302,False
2004-02-14 23:32:39,2.5095241426492674,4.850646931369302,False
2004-02-14 23:42:39,0.8091163580468071,4.850646931369302,False
2004-02-14 23:52:39,3.1499326891567834,4.850646931369302,False
2004-02-15 00:02:39,3.357385229051351,4.850646931369302,False
2004-02-15 00:12:39,2.2643799108193163,4.850646931369302,False
2004-02-15 00:22:39,3.5648046021048563,4.850646931369302,False
2004-02-15 00:32:39,2.402769951415562,4.850646931369302,False
2004-02-15 00:42:39,2.8883913789484934,4.850646931369302,False
2004-02-15 00:52:39,3.235404602682479,4.850646931369302,False
2004-02-15 01:02:39,1.3796406418717633,4.850646931369302,False
2004-02-15 01:12:39,3.665680711252723,4.850646931369302,False
2004-02-15 01:22:39,3.2407294029039186,4.850646931369302,False
2004-02-15 01:32:39,3.2101533910893627,4.850646931369302,False
2004-02-15 01:42:39,2.6773328212436387,4.850646931369302,False
2004-02-15 01:52:39,3.699207779467168,4.850646931369302,False
2004-02-15 02:02:39,0.5013875221124009,4.850646931369302,False
2004-02-15 02:12:39,2.8111758510438802,4.850646931369302,False
2004-02-15 02:22:39,2.1258379664859905,4.850646931369302,False
2004-02-15 02:32:39,2.6289969522484307,4.850646931369302,False
2004-02-15 02:42:39,1.8632731394714528,4.850646931369302,False
2004-02-15 02:52:39,2.278202270582958,4.850646931369302,False
2004-02-15 03:02:39,3.36355905313716,4.850646931369302,False
2004-02-15 03:12:39,2.309362342258571,4.850646931369302,False
2004-02-15 03:22:39,2.3046889224664264,4.850646931369302,False
2004-02-15 03:32:39,3.274265325836804,4.850646931369302,False
2004-02-15 03:42:39,2.855238142225824,4.850646931369302,False
2004-02-15 03:52:39,1.624469461438265,4.850646931369302,False
2004-02-15 04:02:39,3.5583883678721313,4.850646931369302,False
2004-02-15 04:12:39,2.9277643746186373,4.850646931369302,False
2004-02-15 04:22:39,2.4003451859481455,4.850646931369302,False
2004-02-15 04:32:39,1.7338827229402365,4.850646931369302,False
2004-02-15 04:42:39,3.355340941180343,4.850646931369302,False
2004-02-15 04:52:39,3.8350229069908606,4.850646931369302,False
2004-02-15 05:02:39,1.7858808250630982,4.850646931369302,False
2004-02-15 05:12:39,2.262283624482729,4.850646931369302,False
2004-02-15 05:22:39,3.197179955680014,4.850646931369302,False
2004-02-15 05:32:39,2.12725500122509,4.850646931369302,False
2004-02-15 05:42:39,4.215090710643984,4.850646931369302,False
2004-02-15 05:52:39,3.516136199919631,4.850646931369302,False
2004-02-15 06:02:39,2.237631748401914,4.850646931369302,False
2004-02-15 06:12:39,2.6205176255321097,4.850646931369302,False
2004-02-15 06:22:39,3.307983630717712,4.850646931369302,False
2004-02-15 06:32:39,2.2335403922729578,4.850646931369302,False
2004-02-15 06:42:39,2.5623098471594976,4.850646931369302,False
2004-02-15 06:52:39,2.9145642057517627,4.850646931369302,False
2004-02-15 07:02:39,2.2176383406718814,4.850646931369302,False
2004-02-15 07:12:39,2.3415864038382788,4.850646931369302,False
2004-02-15 07:22:39,3.5692790032796116,4.850646931369302,False
2004-02-15 07:32:39,2.021609181639525,4.850646931369302,False
2004-02-15 07:42:39,2.1079835412499937,4.850646931369302,False
2004-02-15 07:52:39,2.757484426625172,4.850646931369302,False
2004-02-15 08:02:39,3.331944374659434,4.850646931369302,False
2004-02-15 08:12:39,2.6393319340597023,4.850646931369302,False
2004-02-15 08:22:39,3.806671268060898,4.850646931369302,False
2004-02-15 08:32:39,1.7255871895856145,4.850646931369302,False
2004-02-15 08:42:39,2.7754409122410424,4.850646931369302,False
2004-02-15 08:52:39,2.483298964910836,4.850646931369302,False
2004-02-15 09:02:39,1.4286848777035817,4.850646931369302,False
2004-02-15 09:12:39,2.7030596948166234,4.850646931369302,False
2004-02-15 09:22:39,1.8632407729561162,4.850646931369302,False
2004-02-15 09:32:39,2.553946068766072,4.850646931369302,False
2004-02-15 09:42:39,2.7068371322412426,4.850646931369302,False
2004-02-15 09:52:39,3.1086167263894517,4.850646931369302,False
2004-02-15 10:02:39,1.8149376150832974,4.850646931369302,False
2004-02-15 10:12:39,3.0866674506293106,4.850646931369302,False
2004-02-15 10:22:39,3.1083089973568367,4.850646931369302,False
2004-02-15 10:32:39,2.9424139351832688,4.850646931369302,False
2004-02-15 10:42:39,3.6235899486069267,4.850646931369302,False
2004-02-15 10:52:39,2.716354384206492,4.850646931369302,False
2004-02-15 11:02:39,3.3427095546132635,4.850646931369302,False
2004-02-15 11:12:39,1.9394320997924925,4.850646931369302,False
2004-02-15 11:22:39,2.8452049470579515,4.850646931369302,False
2004-02-15 11:32:39,3.871367932973875,4.850646931369302,False
2004-02-15 11:42:39,3.674826004755905,4.850646931369302,False
2004-02-15 11:52:39,1.8115404960686114,4.850646931369302,False
2004-02-15 12:02:39,3.479936365768409,4.850646931369302,False
2004-02-15 12:12:39,2.8394229932725454,4.850646931369302,False
2004-02-15 12:22:39,1.2882492815163231,4.850646931369302,False
2004-02-15 12:32:39,3.458323415896751,4.850646931369302,False
2004-02-15 12:42:39,1.7531826183655024,4.850646931369302,False
2004-02-15 12:52:39,3.572742018082209,4.850646931369302,False
2004-02-15 13:02:39,3.4258431136326783,4.850646931369302,False
2004-02-15 13:12:39,2.7785757779506017,4.850646931369302,False
2004-02-15 13:22:39,2.258232936336826,4.850646931369302,False
2004-02-15 13:32:39,1.9503943405668416,4.850646931369302,False
2004-02-15 13:42:39,3.0870687857685883,4.850646931369302,False
2004-02-15 13:52:39,2.7531010500789153,4.850646931369302,False
2004-02-15 14:02:39,2.996529163446185,4.850646931369302,False
2004-02-15 14:12:39,3.294537535906631,4.850646931369302,False
2004-02-15 14:22:39,3.925355183922842,4.850646931369302,False
2004-02-15 14:32:39,3.9922615085159774,4.850646931369302,False
2004-02-15 14:42:39,2.6992692058504426,4.850646931369302,False
2004-02-15 14:52:39,4.109110874693795,4.850646931369302,False
2004-02-15 15:02:39,2.795863638241683,4.850646931369302,False
2004-02-15 15:12:39,3.1841111337018573,4.850646931369302,False
2004-02-15 15:22:39,2.4467664270822707,4.850646931369302,False
2004-02-15 15:32:39,1.645524155602644,4.850646931369302,False
2004-02-15 15:42:39,2.7701865610746315,4.850646931369302,False
2004-02-15 15:52:39,3.1994067456926834,4.850646931369302,False
2004-02-15 16:02:39,3.3823779555172946,4.850646931369302,False
2004-02-15 16:12:39,2.2392145959296528,4.850646931369302,False
2004-02-15 16:22:39,3.00037293906027,4.850646931369302,False
2004-02-15 16:32:39,1.9975894468026463,4.850646931369302,False
2004-02-15 16:42:39,3.498235759424835,4.850646931369302,False
2004-02-15 16:52:39,1.5325342304832001,4.850646931369302,False
2004-02-15 17:02:39,3.0033700963369476,4.850646931369302,False
2004-02-15 17:12:39,3.8108983643133603,4.850646931369302,False
2004-02-15 17:22:39,2.9243057340726537,4.850646931369302,False
2004-02-15 17:32:39,3.737247382400439,4.850646931369302,False
2004-02-15 17:42:39,3.131435890958374,4.850646931369302,False
2004-02-15 17:52:39,2.251232784583049,4.850646931369302,False
2004-02-15 18:02:39,3.342043192432541,4.850646931369302,False
2004-02-15 18:12:39,2.8610814784259424,4.850646931369302,False
2004-02-15 18:22:39,2.4124524782985857,4.850646931369302,False
2004-02-15 18:32:39,2.8173756699782,4.850646931369302,False
2004-02-15 18:42:39,2.3725701926181006,4.850646931369302,False
2004-02-15 18:52:39,2.5251187746882473,4.850646931369302,False
2004-02-15 19:02:39,2.5889444331509566,4.850646931369302,False
2004-02-15 19:12:39,2.8775831835330874,4.850646931369302,False
2004-02-15 19:22:39,2.259705570974522,4.850646931369302,False
2004-02-15 19:32:39,2.909627731350301,4.850646931369302,False
2004-02-15 19:42:39,2.4769179835082724,4.850646931369302,False
2004-02-15 19:52:39,2.752181117173285,4.850646931369302,False
2004-02-15 20:02:39,3.2042361480364714,4.850646931369302,False
2004-02-15 20:12:39,3.57414243574636,4.850646931369302,False
2004-02-15 20:22:39,3.3118176636815044,4.850646931369302,False
2004-02-15 20:32:39,3.3598993450312205,4.850646931369302,False
2004-02-15 20:42:39,3.69545685080194,4.850646931369302,False
2004-02-15 20:52:39,4.162812750488904,4.850646931369302,False
2004-02-15 21:02:39,4.332959111290463,4.850646931369302,False
2004-02-15 21:12:39,2.7730323383064754,4.850646931369302,False
2004-02-15 21:22:39,2.787485532369769,4.850646931369302,False
2004-02-15 21:32:39,2.5170145785587423,4.850646931369302,False
2004-02-15 21:42:39,2.970814930686175,4.850646931369302,False
2004-02-15 21:52:39,3.575163960492052,4.850646931369302,False
2004-02-15 22:02:39,3.5181709765623053,4.850646931369302,False
2004-02-15 22:12:39,3.1216430113004825,4.850646931369302,False
2004-02-15 22:22:39,2.287078780399667,4.850646931369302,False
2004-02-15 22:32:39,3.746158036784801,4.850646931369302,False
2004-02-15 22:42:39,2.3033667515813803,4.850646931369302,False
2004-02-15 22:52:39,3.850630497900406,4.850646931369302,False
2004-02-15 23:02:39,3.2544761415267316,4.850646931369302,False
2004-02-15 23:12:39,4.18276789630806,4.850646931369302,False
2004-02-15 23:22:39,2.970123756884102,4.850646931369302,False
2004-02-15 23:32:39,2.9625675676691645,4.850646931369302,False
2004-02-15 23:42:39,2.8457890619861224,4.850646931369302,False
2004-02-15 23:52:39,5.481726337306873,4.850646931369302,True
2004-02-16 00:02:39,2.2991239790294027,4.850646931369302,False
2004-02-16 00:12:39,3.8589082657023033,4.850646931369302,False
2004-02-16 00:22:39,2.4355408580468527,4.850646931369302,False
2004-02-16 00:32:39,3.8648793741190457,4.850646931369302,False
2004-02-16 00:42:39,2.238883215154516,4.850646931369302,False
2004-02-16 00:52:39,2.9700015999689517,4.850646931369302,False
2004-02-16 01:02:39,3.632094091014154,4.850646931369302,False
2004-02-16 01:12:39,3.1927143076906908,4.850646931369302,False
2004-02-16 01:22:39,3.164664957278349,4.850646931369302,False
2004-02-16 01:32:39,3.3935046542201386,4.850646931369302,False
2004-02-16 01:42:39,3.258845718708109,4.850646931369302,False
2004-02-16 01:52:39,4.439618315623644,4.850646931369302,False
2004-02-16 02:02:39,4.6029265041824425,4.850646931369302,False
2004-02-16 02:12:39,3.1933637340164687,4.850646931369302,False
2004-02-16 02:22:39,3.5383395299421108,4.850646931369302,False
2004-02-16 02:32:39,2.995850340699581,4.850646931369302,False
2004-02-16 02:42:39,3.881277898693539,4.850646931369302,False
2004-02-16 02:52:39,3.796990062745448,4.850646931369302,False
2004-02-16 03:02:39,2.886904903870797,4.850646931369302,False
2004-02-16 03:12:39,6.328448843914648,4.850646931369302,True
2004-02-16 03:22:39,8.289677428716578,4.850646931369302,True
2004-02-16 03:32:39,9.648156031472272,4.850646931369302,True
2004-02-16 03:42:39,8.588445750889328,4.850646931369302,True
2004-02-16 03:52:39,8.068356652584187,4.850646931369302,True
2004-02-16 04:02:39,9.161337728091997,4.850646931369302,True
2004-02-16 04:12:39,9.399751259670966,4.850646931369302,True
2004-02-16 04:22:39,8.683986561928128,4.850646931369302,True
2004-02-16 04:32:39,6.901144595126835,4.850646931369302,True
2004-02-16 04:42:39,8.236969111183665,4.850646931369302,True
2004-02-16 04:52:39,8.572404701345574,4.850646931369302,True
2004-02-16 05:02:39,9.920417256187923,4.850646931369302,True
2004-02-16 05:12:39,9.757896056146254,4.850646931369302,True
2004-02-16 05:22:39,11.951768705493386,4.850646931369302,True
2004-02-16 05:32:39,9.701497026809921,4.850646931369302,True
2004-02-16 05:42:39,9.817011545636264,4.850646931369302,True
2004-02-16 05:52:39,11.82229294292628,4.850646931369302,True
2004-02-16 06:02:39,11.597039870182366,4.850646931369302,True
2004-02-16 06:12:39,11.571368494006922,4.850646931369302,True
2004-02-16 06:22:39,10.083942839436524,4.850646931369302,True
2004-02-16 06:32:39,10.031545405785012,4.850646931369302,True
2004-02-16 06:42:39,11.486774090560427,4.850646931369302,True
2004-02-16 06:52:39,11.60865854289126,4.850646931369302,True
2004-02-16 07:02:39,13.405409374390983,4.850646931369302,True
2004-02-16 07:12:39,11.794703730869882,4.850646931369302,True
2004-02-16 07:22:39,14.165757662850615,4.850646931369302,True
2004-02-16 07:32:39,11.623486880505062,4.850646931369302,True
2004-02-16 07:42:39,13.160394958012468,4.850646931369302,True
2004-02-16 07:52:39,13.74380916630211,4.850646931369302,True
2004-02-16 08:02:39,12.416198766389797,4.850646931369302,True
2004-02-16 08:12:39,12.318541503352082,4.850646931369302,True
2004-02-16 08:22:39,13.95326143196239,4.850646931369302,True
2004-02-16 08:32:39,11.248536450076648,4.850646931369302,True
2004-02-16 08:42:39,13.188691131804221,4.850646931369302,True
2004-02-16 08:52:39,11.64686038876766,4.850646931369302,True
2004-02-16 09:02:39,12.113951759955311,4.850646931369302,True
2004-02-16 09:12:39,11.965992348463935,4.850646931369302,True
2004-02-16 09:22:39,13.181953102675042,4.850646931369302,True
2004-02-16 09:32:39,12.620463531576934,4.850646931369302,True
2004-02-16 09:42:39,14.468063392116932,4.850646931369302,True
2004-02-16 09:52:39,13.782928554695127,4.850646931369302,True
2004-02-16 10:02:39,11.690000996075812,4.850646931369302,True
2004-02-16 10:12:39,14.571885214003538,4.850646931369302,True
2004-02-16 10:22:39,12.907138750636975,4.850646931369302,True
2004-02-16 10:32:39,12.48185017226794,4.850646931369302,True
2004-02-16 10:42:39,13.391097972055094,4.850646931369302,True
2004-02-16 10:52:39,14.991585555161015,4.850646931369302,True
2004-02-16 11:02:39,15.25389807213236,4.850646931369302,True
2004-02-16 11:12:39,14.96034299875694,4.850646931369302,True
2004-02-16 11:22:39,16.112456355108677,4.850646931369302,True
2004-02-16 11:32:39,15.227642664846522,4.850646931369302,True
2004-02-16 11:42:39,15.686329219741253,4.850646931369302,True
2004-02-16 11:52:39,13.753434454218889,4.850646931369302,True
2004-02-16 12:02:39,15.258636091000794,4.850646931369302,True
2004-02-16 12:12:39,15.65244013697096,4.850646931369302,True
2004-02-16 12:22:39,16.124916851563658,4.850646931369302,True
2004-02-16 12:32:39,14.714305424380496,4.850646931369302,True
2004-02-16 12:42:39,15.59893843225164,4.850646931369302,True
2004-02-16 12:52:39,15.888363685420188,4.850646931369302,True
2004-02-16 13:02:39,15.033487502966898,4.850646931369302,True
2004-02-16 13:12:39,14.471649526079856,4.850646931369302,True
2004-02-16 13:22:39,16.130697751400813,4.850646931369302,True
2004-02-16 13:32:39,16.55402577836945,4.850646931369302,True
2004-02-16 13:42:39,15.17105812209697,4.850646931369302,True
2004-02-16 13:52:39,16.63040905894769,4.850646931369302,True
2004-02-16 14:02:39,15.056038843994283,4.850646931369302,True
2004-02-16 14:12:39,14.879920540759109,4.850646931369302,True
2004-02-16 14:22:39,15.383909094241124,4.850646931369302,True
2004-02-16 14:32:39,15.159391361986565,4.850646931369302,True
2004-02-16 14:42:39,18.919333444455436,4.850646931369302,True
2004-02-16 14:52:39,17.564748091323228,4.850646931369302,True
2004-02-16 15:02:39,16.06381571360213,4.850646931369302,True
2004-02-16 15:12:39,16.4571641232821,4.850646931369302,True
2004-02-16 15:22:39,18.106814259180933,4.850646931369302,True
2004-02-16 15:32:39,18.407475717848282,4.850646931369302,True
2004-02-16 15:42:39,17.432407605978682,4.850646931369302,True
2004-02-16 15:52:39,18.293579478947578,4.850646931369302,True
2004-02-16 16:02:39,19.817362985039157,4.850646931369302,True
2004-02-16 16:12:39,20.531251465880338,4.850646931369302,True
2004-02-16 16:22:39,19.6197302126458,4.850646931369302,True
2004-02-16 16:32:39,19.295466925077324,4.850646931369302,True
2004-02-16 16:42:39,20.236358549962812,4.850646931369302,True
2004-02-16 16:52:39,20.871147373698427,4.850646931369302,True
2004-02-16 17:02:39,21.11654879769489,4.850646931369302,True
2004-02-16 17:12:39,18.907351699634525,4.850646931369302,True
2004-02-16 17:22:39,19.22169871102024,4.850646931369302,True
2004-02-16 17:32:39,18.866782086924356,4.850646931369302,True
2004-02-16 17:42:39,18.683636836208798,4.850646931369302,True
2004-02-16 17:52:39,18.05961297900167,4.850646931369302,True
2004-02-16 18:02:39,22.552558058143646,4.850646931369302,True
2004-02-16 18:12:39,19.281121610753168,4.850646931369302,True
2004-02-16 18:22:39,19.536336033964226,4.850646931369302,True
2004-02-16 18:32:39,20.707110041600203,4.850646931369302,True
2004-02-16 18:42:39,20.88826955780715,4.850646931369302,True
2004-02-16 18:52:39,21.13193419904702,4.850646931369302,True
2004-02-16 19:02:39,21.01671408149682,4.850646931369302,True
2004-02-16 19:12:39,19.578587229838984,4.850646931369302,True
2004-02-16 19:22:39,20.097191312247173,4.850646931369302,True
2004-02-16 19:32:39,17.494417422125203,4.850646931369302,True
2004-02-16 19:42:39,22.25488180616245,4.850646931369302,True
2004-02-16 19:52:39,20.83369954926278,4.850646931369302,True
2004-02-16 20:02:39,18.595709944372214,4.850646931369302,True
2004-02-16 20:12:39,20.57455551659155,4.850646931369302,True
2004-02-16 20:22:39,19.685155039704384,4.850646931369302,True
2004-02-16 20:32:39,22.852995291773215,4.850646931369302,True
2004-02-16 20:42:39,22.307264152537183,4.850646931369302,True
2004-02-16 20:52:39,18.94023282414947,4.850646931369302,True
2004-02-16 21:02:39,21.731666267936895,4.850646931369302,True
2004-02-16 21:12:39,23.47662161423014,4.850646931369302,True
2004-02-16 21:22:39,23.98675316890996,4.850646931369302,True
2004-02-16 21:32:39,22.91265504634275,4.850646931369302,True
2004-02-16 21:42:39,22.51850982894947,4.850646931369302,True
2004-02-16 21:52:39,21.89896498441373,4.850646931369302,True
2004-02-16 22:02:39,21.27375703288254,4.850646931369302,True
2004-02-16 22:12:39,22.43191599015511,4.850646931369302,True
2004-02-16 22:22:39,25.82018668782105,4.850646931369302,True
2004-02-16 22:32:39,30.059216202687548,4.850646931369302,True
2004-02-16 22:42:39,28.011519683854043,4.850646931369302,True
2004-02-16 22:52:39,28.695665883555346,4.850646931369302,True
2004-02-16 23:02:39,30.111382562785735,4.850646931369302,True
2004-02-16 23:12:39,27.959770829948443,4.850646931369302,True
2004-02-16 23:22:39,28.73565393185905,4.850646931369302,True
2004-02-16 23:32:39,30.397653989883167,4.850646931369302,True
2004-02-16 23:42:39,25.358317582798126,4.850646931369302,True
2004-02-16 23:52:39,30.357154774647537,4.850646931369302,True
2004-02-17 00:02:39,29.472463883959524,4.850646931369302,True
2004-02-17 00:12:39,27.710833556568346,4.850646931369302,True
2004-02-17 00:22:39,27.97104538538156,4.850646931369302,True
2004-02-17 00:32:39,27.764944246505905,4.850646931369302,True
2004-02-17 00:42:39,30.448873131166504,4.850646931369302,True
2004-02-17 00:52:39,29.79011621913788,4.850646931369302,True
2004-02-17 01:02:39,29.335796660766206,4.850646931369302,True
2004-02-17 01:12:39,27.94751590841341,4.850646931369302,True
2004-02-17 01:22:39,29.74694776762552,4.850646931369302,True
2004-02-17 01:32:39,29.87155020027675,4.850646931369302,True
2004-02-17 01:42:39,29.21287963016632,4.850646931369302,True
2004-02-17 01:52:39,27.859861934303805,4.850646931369302,True
2004-02-17 02:02:39,30.826240312440923,4.850646931369302,True
2004-02-17 02:12:39,30.03152044011098,4.850646931369302,True
2004-02-17 02:22:39,28.40485656514243,4.850646931369302,True
2004-02-17 02:32:39,26.00299923502692,4.850646931369302,True
2004-02-17 02:42:39,24.685949807645752,4.850646931369302,True
2004-02-17 02:52:39,28.367760093251356,4.850646931369302,True
2004-02-17 03:02:39,26.311433056187635,4.850646931369302,True
2004-02-17 03:12:39,28.304092764950443,4.850646931369302,True
2004-02-17 03:22:39,28.55645230458573,4.850646931369302,True
2004-02-17 03:32:39,28.887788691662035,4.850646931369302,True
2004-02-17 03:42:39,26.595708532219476,4.850646931369302,True
2004-02-17 03:52:39,27.438059917511787,4.850646931369302,True
2004-02-17 04:02:39,28.91889650011589,4.850646931369302,True
2004-02-17 04:12:39,28.443429482144627,4.850646931369302,True
2004-02-17 04:22:39,28.09893226068446,4.850646931369302,True
2004-02-17 04:32:39,28.98248923838087,4.850646931369302,True
2004-02-17 04:42:39,31.013473947762858,4.850646931369302,True
2004-02-17 04:52:39,29.423533824965112,4.850646931369302,True
2004-02-17 05:02:39,29.10640124935899,4.850646931369302,True
2004-02-17 05:12:39,27.566097231514103,4.850646931369302,True
2004-02-17 05:22:39,28.8417593672027,4.850646931369302,True
2004-02-17 05:32:39,28.09397738692741,4.850646931369302,True
2004-02-17 05:42:39,29.893991214527045,4.850646931369302,True
2004-02-17 05:52:39,29.95612333093694,4.850646931369302,True
2004-02-17 06:02:39,30.464586486909116,4.850646931369302,True
2004-02-17 06:12:39,28.97584713829204,4.850646931369302,True
2004-02-17 06:22:39,28.924999197663038,4.850646931369302,True
2004-02-17 06:32:39,29.310555236175627,4.850646931369302,True
2004-02-17 06:42:39,31.89680239841364,4.850646931369302,True
2004-02-17 06:52:39,30.207316185114596,4.850646931369302,True
2004-02-17 07:02:39,32.222872736731254,4.850646931369302,True
2004-02-17 07:12:39,35.290169564895685,4.850646931369302,True
2004-02-17 07:22:39,41.213019065920776,4.850646931369302,True
2004-02-17 07:32:39,75.92855371244359,4.850646931369302,True
2004-02-17 07:42:39,80.21227749087667,4.850646931369302,True
2004-02-17 07:52:39,81.97399737164356,4.850646931369302,True
2004-02-17 08:02:39,78.9021873344021,4.850646931369302,True
2004-02-17 08:12:39,77.955731316826,4.850646931369302,True
2004-02-17 08:22:39,83.002193000617,4.850646931369302,True
2004-02-17 08:32:39,77.32998030069206,4.850646931369302,True
2004-02-17 08:42:39,73.99343613195626,4.850646931369302,True
2004-02-17 08:52:39,82.82761486127575,4.850646931369302,True
2004-02-17 09:02:39,76.68143266513516,4.850646931369302,True
2004-02-17 09:12:39,78.95163532923347,4.850646931369302,True
2004-02-17 09:22:39,78.56937720019285,4.850646931369302,True
2004-02-17 09:32:39,79.60863282463514,4.850646931369302,True
2004-02-17 09:42:39,79.61773472260475,4.850646931369302,True
2004-02-17 09:52:39,72.39599383067183,4.850646931369302,True
2004-02-17 10:02:39,75.07447868984575,4.850646931369302,True
2004-02-17 10:12:39,74.92661066841268,4.850646931369302,True
2004-02-17 10:22:39,78.17034332398357,4.850646931369302,True
2004-02-17 10:32:39,73.71053036346802,4.850646931369302,True
2004-02-17 10:42:39,76.10544294729326,4.850646931369302,True
2004-02-17 10:52:39,73.36868530302921,4.850646931369302,True
2004-02-17 11:02:39,74.33235400148618,4.850646931369302,True
2004-02-17 11:12:39,72.19824250274274,4.850646931369302,True
2004-02-17 11:22:39,77.99485000111129,4.850646931369302,True
2004-02-17 11:32:39,77.53816524767491,4.850646931369302,True
2004-02-17 11:42:39,74.18664985306032,4.850646931369302,True
2004-02-17 11:52:39,74.86580167789532,4.850646931369302,True
2004-02-17 12:02:39,76.76460633010477,4.850646931369302,True
2004-02-17 12:12:39,76.14079454351831,4.850646931369302,True
2004-02-17 12:22:39,66.56774216728876,4.850646931369302,True
2004-02-17 12:32:39,72.94608432365169,4.850646931369302,True
2004-02-17 12:42:39,68.25112984359666,4.850646931369302,True
2004-02-17 12:52:39,68.91303172856342,4.850646931369302,True
2004-02-17 13:02:39,66.98325894431753,4.850646931369302,True
2004-02-17 13:12:39,67.63635251481037,4.850646931369302,True
2004-02-17 13:22:39,68.12333997039575,4.850646931369302,True
2004-02-17 13:32:39,59.03975376688275,4.850646931369302,True
2004-02-17 13:42:39,56.435428049136654,4.850646931369302,True
2004-02-17 13:52:39,62.626406552033714,4.850646931369302,True
2004-02-17 14:02:39,59.90617561873949,4.850646931369302,True
2004-02-17 14:12:39,59.63826616356279,4.850646931369302,True
2004-02-17 14:22:39,53.432034849988604,4.850646931369302,True
2004-02-17 14:32:39,55.7882532723795,4.850646931369302,True
2004-02-17 14:42:39,55.25146525110953,4.850646931369302,True
2004-02-17 14:52:39,58.43870309495668,4.850646931369302,True
2004-02-17 15:02:39,53.89121240094642,4.850646931369302,True
2004-02-17 15:12:39,55.98519206795441,4.850646931369302,True
2004-02-17 15:22:39,48.253323036326535,4.850646931369302,True
2004-02-17 15:32:39,56.7181383172969,4.850646931369302,True
2004-02-17 15:42:39,54.668028322330834,4.850646931369302,True
2004-02-17 15:52:39,50.894489965609935,4.850646931369302,True
2004-02-17 16:02:39,52.75679169337496,4.850646931369302,True
2004-02-17 16:12:39,50.96549311471779,4.850646931369302,True
2004-02-17 16:22:39,48.11518918769481,4.850646931369302,True
2004-02-17 16:32:39,46.656466624261256,4.850646931369302,True
2004-02-17 16:42:39,44.11213114707999,4.850646931369302,True
2004-02-17 16:52:39,44.08336001939719,4.850646931369302,True
2004-02-17 17:02:39,42.245098739856154,4.850646931369302,True
2004-02-17 17:12:39,42.255313087152516,4.850646931369302,True
2004-02-17 17:22:39,39.75788188501731,4.850646931369302,True
2004-02-17 17:32:39,36.550976488545295,4.850646931369302,True
2004-02-17 17:42:39,37.271248351448335,4.850646931369302,True
2004-02-17 17:52:39,33.61699124507675,4.850646931369302,True
2004-02-17 18:02:39,33.43537275248261,4.850646931369302,True
2004-02-17 18:12:39,32.022281091467114,4.850646931369302,True
2004-02-17 18:22:39,32.6499927485249,4.850646931369302,True
2004-02-17 18:32:39,31.417625594583956,4.850646931369302,True
2004-02-17 18:42:39,30.901124070273635,4.850646931369302,True
2004-02-17 18:52:39,31.51232989537279,4.850646931369302,True
2004-02-17 19:02:39,28.856304654812668,4.850646931369302,True
2004-02-17 19:12:39,29.481603510325932,4.850646931369302,True
2004-02-17 19:22:39,29.61339386295938,4.850646931369302,True
2004-02-17 19:32:39,27.474621439174353,4.850646931369302,True
2004-02-17 19:42:39,25.738527975150056,4.850646931369302,True
2004-02-17 19:52:39,28.426443518198155,4.850646931369302,True
2004-02-17 20:02:39,26.82931543751107,4.850646931369302,True
2004-02-17 20:12:39,26.182162527719424,4.850646931369302,True
2004-02-17 20:22:39,24.73116001593823,4.850646931369302,True
2004-02-17 20:32:39,25.19494845887167,4.850646931369302,True
2004-02-17 20:42:39,21.999104810705603,4.850646931369302,True
2004-02-17 20:52:39,25.265501282553426,4.850646931369302,True
2004-02-17 21:02:39,23.658856177198412,4.850646931369302,True
2004-02-17 21:12:39,23.668194072332064,4.850646931369302,True
2004-02-17 21:22:39,21.823998041645098,4.850646931369302,True
2004-02-17 21:32:39,24.688753255977613,4.850646931369302,True
2004-02-17 21:42:39,22.645994710733213,4.850646931369302,True
2004-02-17 21:52:39,25.67524140722992,4.850646931369302,True
2004-02-17 22:02:39,23.20959021623109,4.850646931369302,True
2004-02-17 22:12:39,21.631474890826023,4.850646931369302,True
2004-02-17 22:22:39,24.51638763962042,4.850646931369302,True
2004-02-17 22:32:39,25.805585920863845,4.850646931369302,True
2004-02-17 22:42:39,25.944856172891182,4.850646931369302,True
2004-02-17 22:52:39,27.055262960462663,4.850646931369302,True
2004-02-17 23:02:39,26.957373239735382,4.850646931369302,True
2004-02-17 23:12:39,26.222225985855115,4.850646931369302,True
2004-02-17 23:22:39,27.834091470857512,4.850646931369302,True
2004-02-17 23:32:39,24.91216123362486,4.850646931369302,True
2004-02-17 23:42:39,27.46275764709086,4.850646931369302,True
2004-02-17 23:52:39,27.8285217365174,4.850646931369302,True
2004-02-18 00:02:39,27.117536983009217,4.850646931369302,True
2004-02-18 00:12:39,28.191404689115824,4.850646931369302,True
2004-02-18 00:22:39,27.79380546381728,4.850646931369302,True
2004-02-18 00:32:39,30.505102262323273,4.850646931369302,True
2004-02-18 00:42:39,29.456421340118162,4.850646931369302,True
2004-02-18 00:52:39,30.288163186471564,4.850646931369302,True
2004-02-18 01:02:39,31.432271959817825,4.850646931369302,True
2004-02-18 01:12:39,31.687642119530686,4.850646931369302,True
2004-02-18 01:22:39,30.5512365116021,4.850646931369302,True
2004-02-18 01:32:39,32.24234388328174,4.850646931369302,True
2004-02-18 01:42:39,32.14109127525381,4.850646931369302,True
2004-02-18 01:52:39,29.354141926685628,4.850646931369302,True
2004-02-18 02:02:39,30.762264992869078,4.850646931369302,True
2004-02-18 02:12:39,30.962844573006393,4.850646931369302,True
2004-02-18 02:22:39,32.17578176935507,4.850646931369302,True
2004-02-18 02:32:39,31.50085410393924,4.850646931369302,True
2004-02-18 02:42:39,31.805020916799307,4.850646931369302,True
2004-02-18 02:52:39,33.10928799953398,4.850646931369302,True
2004-02-18 03:02:39,33.49017272199534,4.850646931369302,True
2004-02-18 03:12:39,34.89738464389384,4.850646931369302,True
2004-02-18 03:22:39,32.64045005471549,4.850646931369302,True
2004-02-18 03:32:39,33.29981145084763,4.850646931369302,True
2004-02-18 03:42:39,55.28144065402193,4.850646931369302,True
2004-02-18 03:52:39,55.34839573138923,4.850646931369302,True
2004-02-18 04:02:39,52.49717098817716,4.850646931369302,True
2004-02-18 04:12:39,59.103616214152126,4.850646931369302,True
2004-02-18 04:22:39,55.88397536762006,4.850646931369302,True
2004-02-18 04:32:39,58.71409407578742,4.850646931369302,True
2004-02-18 04:42:39,62.25183287637087,4.850646931369302,True
2004-02-18 04:52:39,58.37675201284261,4.850646931369302,True
2004-02-18 05:02:39,64.34819786099602,4.850646931369302,True
2004-02-18 05:12:39,62.50748367711645,4.850646931369302,True
2004-02-18 05:22:39,66.69993974260933,4.850646931369302,True
2004-02-18 05:32:39,66.36479711325082,4.850646931369302,True
2004-02-18 05:42:39,72.47178984019236,4.850646931369302,True
2004-02-18 05:52:39,68.63954499000775,4.850646931369302,True
2004-02-18 06:02:39,72.69809877069756,4.850646931369302,True
2004-02-18 06:12:39,75.72536261967737,4.850646931369302,True
2004-02-18 06:22:39,75.46884632222107,4.850646931369302,True
2004-02-18 06:32:39,74.10626463313325,4.850646931369302,True
2004-02-18 06:42:39,75.471914209652,4.850646931369302,True
2004-02-18 06:52:39,77.44097994726316,4.850646931369302,True
2004-02-18 07:02:39,76.70880963853689,4.850646931369302,True
2004-02-18 07:12:39,77.68444579569807,4.850646931369302,True
2004-02-18 07:22:39,77.86955023005626,4.850646931369302,True
2004-02-18 07:32:39,77.6666675005047,4.850646931369302,True
2004-02-18 07:42:39,75.53542611205658,4.850646931369302,True
2004-02-18 07:52:39,82.2032273673172,4.850646931369302,True
2004-02-18 08:02:39,85.0743444853853,4.850646931369302,True
2004-02-18 08:12:39,84.61292480576634,4.850646931369302,True
2004-02-18 08:22:39,84.37402680437812,4.850646931369302,True
2004-02-18 08:32:39,79.8892221595202,4.850646931369302,True
2004-02-18 08:42:39,76.18614459687602,4.850646931369302,True
2004-02-18 08:52:39,73.83636556294167,4.850646931369302,True
2004-02-18 09:02:39,75.90045434473953,4.850646931369302,True
2004-02-18 09:12:39,76.30060156885716,4.850646931369302,True
2004-02-18 09:22:39,82.31642689715045,4.850646931369302,True
2004-02-18 09:32:39,75.96459545060853,4.850646931369302,True
2004-02-18 09:42:39,73.5442133218987,4.850646931369302,True
2004-02-18 09:52:39,76.60049398520789,4.850646931369302,True
2004-02-18 10:02:39,72.97984629236021,4.850646931369302,True
2004-02-18 10:12:39,78.73581703323738,4.850646931369302,True
2004-02-18 10:22:39,78.19403117775639,4.850646931369302,True
2004-02-18 10:32:39,74.84962637668954,4.850646931369302,True
2004-02-18 10:42:39,74.93326012805935,4.850646931369302,True
2004-02-18 10:52:39,67.42993278254797,4.850646931369302,True
2004-02-18 11:02:39,65.62772500128146,4.850646931369302,True
2004-02-18 11:12:39,64.68847306431839,4.850646931369302,True
2004-02-18 11:22:39,64.25347890577035,4.850646931369302,True
2004-02-18 11:32:39,64.74632218572826,4.850646931369302,True
2004-02-18 11:42:39,63.83157481706652,4.850646931369302,True
2004-02-18 11:52:39,76.78489314058906,4.850646931369302,True
2004-02-18 12:02:39,81.47556249767963,4.850646931369302,True
2004-02-18 12:12:39,72.75233368414038,4.850646931369302,True
2004-02-18 12:22:39,71.19291291244318,4.850646931369302,True
2004-02-18 12:32:39,72.91953084545874,4.850646931369302,True
2004-02-18 12:42:39,67.62478529472553,4.850646931369302,True
2004-02-18 12:52:39,64.34355419928849,4.850646931369302,True
2004-02-18 13:02:39,66.29756529080146,4.850646931369302,True
2004-02-18 13:12:39,68.41569265517364,4.850646931369302,True
2004-02-18 13:22:39,64.82306641805829,4.850646931369302,True
2004-02-18 13:32:39,62.45309351194638,4.850646931369302,True
2004-02-18 13:42:39,65.03640120104312,4.850646931369302,True
2004-02-18 13:52:39,68.09059848993564,4.850646931369302,True
2004-02-18 14:02:39,67.97607443426539,4.850646931369302,True
2004-02-18 14:12:39,67.62603831647135,4.850646931369302,True
2004-02-18 14:22:39,65.4469616324819,4.850646931369302,True
2004-02-18 14:32:39,67.30728343058323,4.850646931369302,True
2004-02-18 14:42:39,72.90599662162583,4.850646931369302,True
2004-02-18 14:52:39,66.97402563577874,4.850646931369302,True
2004-02-18 15:02:39,57.56789107372607,4.850646931369302,True
2004-02-18 15:12:39,51.892400924038846,4.850646931369302,True
2004-02-18 15:22:39,48.60111076154343,4.850646931369302,True
2004-02-18 15:32:39,44.91728430711493,4.850646931369302,True
2004-02-18 15:42:39,43.17928774716367,4.850646931369302,True
2004-02-18 15:52:39,42.375740788632136,4.850646931369302,True
2004-02-18 16:02:39,40.15802688680858,4.850646931369302,True
2004-02-18 16:12:39,41.40369157296592,4.850646931369302,True
2004-02-18 16:22:39,40.94089554955004,4.850646931369302,True
2004-02-18 16:32:39,40.99309197348742,4.850646931369302,True
2004-02-18 16:42:39,46.22204734875574,4.850646931369302,True
2004-02-18 16:52:39,48.63614070565055,4.850646931369302,True
2004-02-18 17:02:39,60.37331724389637,4.850646931369302,True
2004-02-18 17:12:39,68.31076551217353,4.850646931369302,True
2004-02-18 17:22:39,78.05249279116899,4.850646931369302,True
2004-02-18 17:32:39,87.33504610986246,4.850646931369302,True
2004-02-18 17:42:39,92.30512461644913,4.850646931369302,True
2004-02-18 17:52:39,92.88857059534541,4.850646931369302,True
2004-02-18 18:02:39,94.1957558433614,4.850646931369302,True
2004-02-18 18:12:39,87.2180214818145,4.850646931369302,True
2004-02-18 18:22:39,79.52245571645928,4.850646931369302,True
2004-02-18 18:32:39,85.78854400957962,4.850646931369302,True
2004-02-18 18:42:39,88.58913337414579,4.850646931369302,True
2004-02-18 18:52:39,87.52675437949824,4.850646931369302,True
2004-02-18 19:02:39,100.81641226490397,4.850646931369302,True
2004-02-18 19:12:39,89.16337148455727,4.850646931369302,True
2004-02-18 19:22:39,82.8860360875079,4.850646931369302,True
2004-02-18 19:32:39,86.96096034957007,4.850646931369302,True
2004-02-18 19:42:39,80.35013585645781,4.850646931369302,True
2004-02-18 19:52:39,86.33003297341142,4.850646931369302,True
2004-02-18 20:02:39,81.63532511493864,4.850646931369302,True
2004-02-18 20:12:39,93.68567590669588,4.850646931369302,True
2004-02-18 20:22:39,91.62130117556448,4.850646931369302,True
2004-02-18 20:32:39,86.80541141510649,4.850646931369302,True
2004-02-18 20:42:39,85.50425251005733,4.850646931369302,True
2004-02-18 20:52:39,76.93172559894673,4.850646931369302,True
2004-02-18 21:02:39,69.03554653004257,4.850646931369302,True
2004-02-18 21:12:39,77.35799870209284,4.850646931369302,True
2004-02-18 21:22:39,89.39404373595562,4.850646931369302,True
2004-02-18 21:32:39,85.333802714149,4.850646931369302,True
2004-02-18 21:42:39,96.40710379821894,4.850646931369302,True
2004-02-18 21:52:39,104.94088225667463,4.850646931369302,True
2004-02-18 22:02:39,112.80764730207817,4.850646931369302,True
2004-02-18 22:12:39,130.2301104276645,4.850646931369302,True
2004-02-18 22:22:39,162.52630927321488,4.850646931369302,True
2004-02-18 22:32:39,110.38351721935943,4.850646931369302,True
2004-02-18 22:42:39,109.00210775152483,4.850646931369302,True
2004-02-18 22:52:39,109.18189785637199,4.850646931369302,True
2004-02-18 23:02:39,85.04210021579769,4.850646931369302,True
2004-02-18 23:12:39,81.84681757007095,4.850646931369302,True
2004-02-18 23:22:39,89.57824426221602,4.850646931369302,True
2004-02-18 23:32:39,87.03122052499535,4.850646931369302,True
2004-02-18 23:42:39,113.44328024675109,4.850646931369302,True
2004-02-18 23:52:39,105.44348878635051,4.850646931369302,True
2004-02-19 00:02:39,124.52270923614897,4.850646931369302,True
2004-02-19 00:12:39,102.1053109323218,4.850646931369302,True
2004-02-19 00:22:39,85.93542513802892,4.850646931369302,True
2004-02-19 00:32:39,79.18933717477408,4.850646931369302,True
2004-02-19 00:42:39,80.24859224969885,4.850646931369302,True
2004-02-19 00:52:39,100.82433570908816,4.850646931369302,True
2004-02-19 01:02:39,127.23285070035368,4.850646931369302,True
2004-02-19 01:12:39,147.53101362400184,4.850646931369302,True
2004-02-19 01:22:39,117.57338563841915,4.850646931369302,True
2004-02-19 01:32:39,150.66775485586567,4.850646931369302,True
2004-02-19 01:42:39,121.55276887621615,4.850646931369302,True
2004-02-19 01:52:39,144.66383181116038,4.850646931369302,True
2004-02-19 02:02:39,133.44698338696966,4.850646931369302,True
2004-02-19 02:12:39,177.49626955119658,4.850646931369302,True
2004-02-19 02:22:39,123.35415799402107,4.850646931369302,True
2004-02-19 02:32:39,143.09278196390144,4.850646931369302,True
2004-02-19 02:42:39,181.4967235969226,4.850646931369302,True
2004-02-19 02:52:39,154.2923916960019,4.850646931369302,True
2004-02-19 03:02:39,150.8052460958848,4.850646931369302,True
2004-02-19 03:12:39,168.47687169115545,4.850646931369302,True
2004-02-19 03:22:39,212.2069003858156,4.850646931369302,True
2004-02-19 03:32:39,209.71810346542136,4.850646931369302,True
2004-02-19 03:42:39,278.2445388015328,4.850646931369302,True
2004-02-19 03:52:39,248.21853313332818,4.850646931369302,True
2004-02-19 04:02:39,250.02776059388745,4.850646931369302,True
2004-02-19 04:12:39,265.1430507212169,4.850646931369302,True
2004-02-19 04:22:39,296.87013526802673,4.850646931369302,True
2004-02-19 04:32:39,308.82701586896536,4.850646931369302,True
2004-02-19 04:42:39,249.06937808280125,4.850646931369302,True
2004-02-19 04:52:39,342.47810561467594,4.850646931369302,True
2004-02-19 05:02:39,458.70563824725093,4.850646931369302,True
2004-02-19 05:12:39,378.23223864957606,4.850646931369302,True
2004-02-19 05:22:39,363.24637408890806,4.850646931369302,True
2004-02-19 05:32:39,316.4887445735507,4.850646931369302,True
2004-02-19 05:42:39,508.2108645564143,4.850646931369302,True
2004-02-19 05:52:39,353.35821516530706,4.850646931369302,True
2004-02-19 06:02:39,367.83464991577426,4.850646931369302,True
2004-02-19 06:12:39,105.8638079844264,4.850646931369302,True
2004-02-19 06:22:39,107.54347188611423,4.850646931369302,True
